Results,Podium,Driver,Actual,Predicted
2.7159380017577006,7,hamilton,0,1
3.702999456884423,5,bottas,0,0
5.825527907980625,17,max_verstappen,0,0
7.150451891264428,3,stroll,0,0
7.598446570528327,4,norris,0,0
8.254885731264672,2,sainz,0,0
8.709248585261495,15,albon,0,0
9.368485454167653,10,perez,0,0
9.801842070362941,1,gasly,1,0
9.994289646991918,6,ricciardo,0,0
11.298028135298882,18,leclerc,0,0
11.554330142231102,8,ocon,0,0
13.051049528991122,9,kvyat,0,0
13.248841749266912,20,vettel,0,0
14.557232485702995,19,kevin_magnussen,0,0
14.705385289529604,16,giovinazzi,0,0
15.307085163694929,13,raikkonen,0,0
15.817076677480172,12,grosjean,0,0
15.838042761467324,11,latifi,0,0
16.50639498778154,14,russell,0,0
