Results,Podium,Driver,Actual,Predicted
2.6993512533142474,1,hamilton,1,1
3.702999456884423,2,bottas,0,0
4.346997218921763,19,max_verstappen,0,0
6.58181907208511,3,albon,0,0
7.899719307459882,13,stroll,0,0
8.216353119833691,6,norris,0,0
8.965191007235946,4,ricciardo,0,0
8.982978025712418,8,leclerc,0,0
9.501505257874504,5,perez,0,0
10.248949640164101,18,sainz,0,0
12.64804766688399,7,kvyat,0,0
13.006805729444796,10,vettel,0,0
13.122447961665335,20,gasly,0,0
14.003918216534869,9,raikkonen,0,0
14.635123943177,17,giovinazzi,0,0
15.035455775513372,16,kevin_magnussen,0,0
15.932099423536327,12,grosjean,0,0
16.226501392760746,15,latifi,0,0
16.29390538141094,11,russell,0,0
