Results,Podium,Driver,Actual,Predicted
2.75603448371225,1,hamilton,1,1
3.8436900154303903,2,max_verstappen,0,0
4.80282938317276,3,bottas,0,0
7.376174450303595,4,stroll,0,0
7.394189791830872,20,leclerc,0,0
7.801013721077587,8,albon,0,0
8.06229994967328,5,perez,0,0
8.985944831075571,10,norris,0,0
9.51145140311055,6,sainz,0,0
10.790167398301765,7,vettel,0,0
11.204202519928508,9,gasly,0,0
12.297098502327021,11,ricciardo,0,0
13.145830707513554,13,ocon,0,0
13.335332223173047,12,kvyat,0,0
14.121978632564694,16,giovinazzi,0,0
14.46426102876924,15,kevin_magnussen,0,0
15.123950611280057,14,raikkonen,0,0
16.014969398991397,19,grosjean,0,0
16.29802150683443,18,latifi,0,0
16.344794944603493,17,russell,0,0
