Results,Podium,Driver,Actual,Predicted
2.7344771285731935,1,hamilton,1,1
3.7174653395967514,2,bottas,0,0
4.352829116587367,3,max_verstappen,0,0
7.098972363055975,4,leclerc,0,0
7.793083533999074,7,perez,0,0
8.410028117529157,12,albon,0,0
9.066547616037425,13,norris,0,0
9.952179694250175,6,sainz,0,0
10.005947227601375,5,gasly,0,0
11.033932671779574,20,stroll,0,0
11.189057295697193,8,ocon,0,0
13.167372410210842,19,kvyat,0,0
13.17068502756321,10,vettel,0,0
14.552760613620837,11,raikkonen,0,0
14.73601797709913,15,giovinazzi,0,0
14.875125164392657,17,grosjean,0,0
15.31840537674802,16,kevin_magnussen,0,0
16.133192040198725,14,russell,0,0
16.476141050011762,18,latifi,0,0
